Name,Price,Stars,Score,Spoken Language,Reviews,Location,Floors,Rooms,Resturents,Sparkling clean,NewlyBuilt,ExcellentView,Check In 24/7,AirportTransfer,Front Desk,Valet Parking,Free WiFi In All Rooms,Swimming Pool,Bar,Coffee,DailyHousekeeping,Elevator,Hair Dryer,Golf,Kids club,Booked today,Real Guest Cleanlines Score,Real Guest Facilities Score,Real Guest Location Score,Real Guest Service Score,Real Guest Value for money Score
PP Princess Resort (SHA Extra Plus),267,4 star,"8.2
Excellent
2,722 reviews","English, Thai","2,722 reviews","103 Moo 7 Ao Nang, Muang, Ao Lo Dalam, Ko Phi Phi, Thailand, 81000",3,2014,89,False,False,True,False,False,True,False,True,False,True,True,True,False,False,False,False,16,8.0,8.0,9.3,7.4,7.9
Phi Phi Banyan Villa (SHA Extra Plus),164,3 star,"8.1
Excellent
5,471 reviews","English, Thai","5,471 reviews","Beach Road, Ton Sai Bay, Ko Phi Phi, Thailand, 81210",2,62,1,False,False,True,False,False,False,False,True,True,False,True,True,False,False,False,False,8,8.1,7.9,9.1,7.7,8.2
ChaoKoh Phi Phi Hotel & Resort (SHA Extra Plus),129,3.5 star,"8.4
Excellent
2,295 reviews","English, Thai","2,295 reviews","157 Moo 7 , Aonang,, Ton Sai Bay, Ko Phi Phi, Thailand, 81210",,,,False,False,True,True,False,True,False,True,True,True,True,True,False,False,False,False,19,8.3,8.0,9.3,8.3,8.1
Panmanee Hotel,JMI,2.5 star,"8.4
Excellent
3,363 reviews","English, Thai","3,363 reviews","287Moo 7, Ton Sai Bay, Ko Phi Phi, Thailand, 81210",,,,False,False,True,False,False,False,False,True,False,False,True,True,False,False,False,False,6,8.5,7.5,9.2,8.6,8.3
Phi Phi Island Cabana Hotel (SHA Extra Plus),234,4 star,"7.3
Very good
5,068 reviews","English, Thai","5,068 reviews","58 Moo7 Tambol Ao-nang Amphur Muang, Ton Sai Bay, Ko Phi Phi, Thailand, 81210",220,,1990,False,False,True,False,False,True,False,False,False,True,True,True,False,False,False,False,9,7.0,7.0,9.0,7.0,7.2
Phi Phi Harbour View Hotel (SHA Extra Plus),252,4 star,"8.3
Excellent
879 reviews","English, Chinese [Mandarin], Thai",879 reviews,"58/1 Moo 7 Au-Nang Amphur Mung, Ton Sai Bay, Ko Phi Phi, Thailand, 81210",,,,False,False,True,True,False,True,False,True,True,True,True,True,False,False,False,False,7,8.1,7.9,9.5,8.5,7.8
Phi Phi CoCo Beach Resort (SHA Extra Plus),398,4 star,"8.3
Excellent
1,789 reviews","English, Thai","1,789 reviews","299 Moo 7 PhiPhi Island, Krabi, Ao Lo Dalam, Ko Phi Phi, Thailand, 81210",,,,False,False,False,False,True,True,False,True,False,True,True,True,False,False,False,False,9,8.8,8.5,8.4,8.4,8.0
Ibiza House Phi Phi,152,1.5 star,"7.4
Very good
2,477 reviews","English, Thai","2,477 reviews","Moo 7 Loh Dalum Bay , Ao Lo Dalam, Ko Phi Phi, Thailand, 81000",,,,False,False,True,True,False,True,False,True,True,True,True,True,False,False,False,False,3,7.1,7.2,8.5,6.4,7.3
Phi Phi The Beach Resort,216,3 star,"8.2
Excellent
6,419 reviews","English, Burmese, Catalan, Chinese [Mandarin], French, Spanish, Thai","6,419 reviews","177 Moo 7, Long Beach, Ko Phi Phi, Thailand, 81210",1,220,85,False,False,True,True,True,True,False,True,True,True,True,True,False,False,False,False,15,8.2,7.9,8.7,8.1,8.1
P.P. Palmtree Resort,162,3.5 star,"7.8
Very good
3,086 reviews","English, Thai","3,086 reviews","129 Moo 7, Ton Sai Bay, Ko Phi Phi, Thailand, 81210",1,220,65,False,False,False,False,False,False,False,True,False,False,True,True,False,False,False,False,0,8.2,7.5,8.6,7.5,7.9
PP Princess Resort (SHA Extra Plus),267,4 star,"8.2
Excellent
2,722 reviews","English, Thai","2,722 reviews","103 Moo 7 Ao Nang, Muang, Ao Lo Dalam, Ko Phi Phi, Thailand, 81000",3,2014,89,False,False,True,False,False,True,False,True,False,True,True,True,False,False,False,False,16,8.0,8.0,9.3,7.4,7.9
SAii Phi Phi Island Village,530,5 star,"8.6
Excellent
5,387 reviews","English, Chinese [Mandarin], Dutch, French, German, Italian, Spanish, Thai","5,387 reviews","49 Moo 8 Tambon Ao Nang, Loh Ba Gao, Ko Phi Phi, Thailand, 81000",,,,True,False,False,False,True,True,False,True,True,True,True,True,False,False,False,False,9,9.2,8.9,8.7,8.8,8.9
Phi Phi Hotel,131,3 star,"8.0
Excellent
6,920 reviews","English, Thai","6,920 reviews","129 Moo 7, Ton Sai Bay, Ko Phi Phi, Thailand, 81210",5,64,1,False,False,True,False,False,True,False,True,False,False,True,True,False,False,False,False,5,7.8,7.3,9.2,7.6,7.9
Phi Phi Cliff Beach Resort (SHA Extra Plus),107,3 star,"8.1
Excellent
1,381 reviews","English, Malay, Thai","1,381 reviews","279 Moo.7 Ao-nang Maung Krabi , Ton Sai Bay, Ko Phi Phi, Thailand, 81210",,,,False,False,True,False,False,False,False,True,False,False,False,True,False,False,False,False,26,8.1,7.9,8.4,9.0,8.3
Phuphaya Seaview Resort - Adults Only,JMI,3 star,"6.9
Good
741 reviews","English, Thai",741 reviews,"., Ao Lo Dalam, Ko Phi Phi, Thailand, 81000",220,2019,2012,False,False,True,False,False,False,False,False,True,True,False,True,False,False,False,False,0,7.3,6.8,6.5,6.4,7.4
Phi Phi Bayview Resort (SHA Extra Plus),123,3 star,"7.4
Very good
4,226 reviews","English, Filipino, Thai","4,226 reviews","69 Moo 7, Leam Hin Beach Aonang, Mueng , Krabi, Ton Sai Bay, Ko Phi Phi, Thailand, 81000",1,220,160,False,False,True,False,True,False,False,True,False,True,True,True,False,False,False,False,3,7.5,7.0,7.9,7.4,7.3
Phi Phi Holiday Resort (SHA Extra Plus),JMI,4 star,"8.4
Excellent
1,854 reviews","English, Thai","1,854 reviews","Lam Tong Beach, Laem Tong Beach, Ko Phi Phi, Thailand, 81000",1,220,162,False,False,True,False,True,True,False,True,True,True,True,True,False,False,False,True,5,8.6,8.3,8.9,8.6,8.7
Phi Phi Maiyada Resort (SHA Certified),77,3 star,"7.2
Very good
2,881 reviews","English, Arabic, Chinese [Mandarin], Malay, Spanish, Thai, Turkish","2,881 reviews","Lohdalumbay 144 Moo 7 Aonang Muang Krabi, Ao Lo Dalam, Ko Phi Phi, Thailand, 81000",1,220,90,False,False,True,True,False,True,False,True,True,False,True,True,False,False,False,False,3,7.5,6.8,7.2,7.8,7.7
P2 Wood Loft,117,0 star,"8.7
Excellent
2,294 reviews","English, Thai","2,294 reviews","139/10, Ton Sai Bay, Ko Phi Phi, Thailand, 81210",,,,False,False,False,False,False,False,False,True,False,False,False,True,False,False,False,False,11,8.9,8.1,9.2,8.9,8.8
ChaoKoh Phi Phi Hotel & Resort (SHA Extra Plus),129,3.5 star,"8.4
Excellent
2,295 reviews","English, Thai","2,295 reviews","157 Moo 7 , Aonang,, Ton Sai Bay, Ko Phi Phi, Thailand, 81210",,,,False,False,True,True,False,True,False,True,True,True,True,True,False,False,False,False,19,8.3,8.0,9.3,8.3,8.1
The Cobble Beach Hotel (SHA Certified),JMI,3 star,"7.1
Very good
1,078 reviews","English, Chinese [Mandarin], Thai","1,078 reviews","9/12 Moo 7, Phi Phi Islands, T. Ao-Nang, A. Muang, Ao Lo Dalam, Ko Phi Phi, Thailand, 81000",3,39,1,False,False,True,False,False,False,False,True,True,True,True,True,False,False,True,False,3,6.8,6.9,6.8,6.7,7.8
Phi Phi Anita Resort,122,3 star,"7.7
Very good
1,668 reviews","English, Thai","1,668 reviews","108 Moo 7 Aonang Muang, Ao Lo Dalam, Ko Phi Phi, Thailand, 81000",1,60,1,False,False,False,False,False,True,False,True,True,True,False,True,False,False,False,False,3,7.6,7.2,8.6,6.4,7.8
PP Charlie Beach Resort (SHA Extra Plus),177,3 star,"7.2
Very good
3,234 reviews","English, Thai","3,234 reviews","103 Moo 7, PP Island, Muang, Ao Lo Dalam, Ko Phi Phi, Thailand, 81210",2,44,1,False,False,True,False,False,True,False,True,False,True,True,True,False,False,False,False,0,6.6,7.3,8.5,5.5,7.1
Phi Phi Natural Resort (SHA Extra Plus),205,3.5 star,"7.9
Very good
1,928 reviews","English, Thai","1,928 reviews","53 Moo 8, Laem Tong Beach, Ko Phi Phi, Thailand, 81000",,,,False,False,True,False,True,False,False,True,True,True,True,True,False,False,True,False,0,8.1,7.7,8.3,8.1,8.1
Phi Phi Island Cabana Hotel (SHA Extra Plus),234,4 star,"7.3
Very good
5,068 reviews","English, Thai","5,068 reviews","58 Moo7 Tambol Ao-nang Amphur Muang, Ton Sai Bay, Ko Phi Phi, Thailand, 81210",220,,1990,False,False,True,False,False,True,False,False,False,True,True,True,False,False,False,False,9,7.0,7.0,9.0,7.0,7.2
Phi Phi Andaman Legacy Resort (SHA Extra Plus),152,3 star,"7.3
Very good
2,026 reviews","English, Thai","2,026 reviews","1/2 Moo 7, Ton Sai Bay, Ko Phi Phi, Thailand, 81210",,,,False,False,True,False,False,True,False,True,True,True,True,False,False,False,True,False,0,7.4,7.0,7.9,7.5,7.5
Chao Koh Hostel,39,1 star,"8.0
Excellent
269 reviews","English, Thai",269 reviews,"157 Moo.7 Aonang Sub -district Muaeng Krabi District 81210, Ton Sai Bay, Ko Phi Phi, Thailand, 81210",,,,False,False,True,False,False,False,False,True,False,True,True,True,False,False,False,False,0,7.7,7.3,8.8,8.3,8.0
Phi Phi Villa Resort (SHA Extra Plus),161,3 star,"7.8
Very good
5,451 reviews","English, Thai","5,451 reviews","1/5 Moo 7, Ton Sai Bay, Ko Phi Phi, Thailand, 81210",,,,False,False,False,False,True,True,False,True,False,True,True,True,False,False,False,False,13,7.3,7.4,8.1,6.7,7.3
Phi Phi Green House,78,2 star,"7.4
Very good
445 reviews","English, Thai",445 reviews,"96 Moo 7, Aonang, Ao Lo Dalam, Ko Phi Phi, Thailand, 81210",0,2013,12,False,False,True,False,False,False,False,True,False,True,False,False,False,False,False,False,0,7.1,6.4,8.2,7.3,7.7
Viking Nature Resort,JMI,3 star,"8.5
Excellent
5,518 reviews","English, Thai","5,518 reviews","222 moo 7, Ton Sai Bay, Ko Phi Phi, Thailand, 81000",2007,,,False,False,True,False,False,False,False,True,False,True,False,True,False,False,False,False,5,8.1,8.2,8.4,7.3,8.1
Paradise Resort Phi Phi (SHA Extra Plus),140,3 star,"7.9
Very good
2,383 reviews","English, Thai","2,383 reviews","138/1 M.7, Long Beach, Koh Phi Phi, T.Aow Nang, A.Muang, Krabi, Thailand., Long Beach, Ko Phi Phi, Thailand, 81210",40,2012,220,False,False,True,False,False,False,False,True,False,True,True,True,False,False,False,False,0,8.0,7.4,9.0,7.7,7.8
Coco Bella Resort,133,2.5 star,"7.8
Very good
330 reviews","English, Thai",330 reviews,"299 Moo 7, Ao Lo Dalam, Ko Phi Phi, Thailand, 81210",,,,False,False,False,True,False,False,False,True,False,False,True,True,False,False,False,False,0,8.1,7.3,8.5,8.0,7.8
Phi Phi Indigo Hotel,103,3 star,"8.0
Excellent
637 reviews","English, Thai",637 reviews,"Ban Thai Road, Ao Lo Dalam, Ko Phi Phi, Thailand, 81000",18,2561,2552,False,True,False,False,False,False,False,True,False,True,False,True,False,False,False,False,4,8.3,7.3,8.6,8.4,7.9
Paradise Pearl Bungalow,120,3 star,"8.3
Excellent
2,739 reviews","English, Hindi, Thai","2,739 reviews","Phi Phi Island (Long beach), 138 Moo7, T.Ao-nang, Ton Sai Bay, Ko Phi Phi, Thailand, 81210",220,2011,1995,False,False,True,False,False,False,False,True,False,False,False,True,False,False,False,False,0,8.1,7.8,9.1,7.6,7.8
Phi Phi Long Beach Resort and Villa (SHA Plus+),178,3.5 star,"7.3
Very good
397 reviews","English, Thai",397 reviews,"203 Moo 7, Long Beach, Ko Phi Phi, Thailand, 81000",,,,False,False,True,False,False,False,False,True,False,True,True,True,False,False,False,False,0,7.0,6.5,8.7,7.4,7.4
PP Nice Beach Resort,49,2 star,"6.9
Good
375 reviews","English, Thai",375 reviews,"17/1 Moo 7 Aonang Muang, Ton Sai Bay, Ko Phi Phi, Thailand, 81000",1,13,1,False,False,True,False,True,False,True,True,False,True,False,True,False,False,False,False,6,6.6,6.1,8.3,5.6,7.2
Phi Phi Dream Guest House,JMI,1 star,"7.4
Very good
585 reviews","English, Thai",585 reviews,"173 M7 Tonsai Bay, Ao Lo Dalam, Ko Phi Phi, Thailand, 81210",,,,False,False,False,False,False,False,False,True,False,False,True,False,False,False,False,False,0,7.3,6.1,7.4,6.1,7.4
HIP Seaview Resort @ Phi Phi,143,3 star,"8.1
Excellent
1,477 reviews","English, Burmese, Thai","1,477 reviews","166 Moo 7, Ao Nang, Muang Krabi, Krabi, Thailand, Long Beach, Ko Phi Phi, Thailand, 81210",1,220,26,False,False,False,False,True,False,False,True,False,False,True,True,False,False,False,False,0,8.5,7.4,8.1,8.9,8.1
P. P. Erawan Palms Resort (SHA Plus+),197,3 star,"8.1
Excellent
1,466 reviews","English, Thai","1,466 reviews","45/9 Moo 8, Leamtong, Tambol Ao Nang, Laem Tong Beach, Ko Phi Phi, Thailand, 81000",,,,False,False,False,False,False,True,False,True,True,True,True,True,False,False,False,False,0,8.2,7.8,8.6,8.1,8.3
The Cove Phi Phi,192,3 star,"8.1
Excellent
1,880 reviews","English, Swedish, Thai","1,880 reviews","32/1 Moo 7, Aonang, Rantee Bay, Ko Phi Phi, Thailand, 81210",,,,False,False,True,False,False,False,False,True,False,True,True,True,False,False,False,False,5,7.7,7.3,7.7,7.2,8.4
Phi Phi Relax Beach Resort,163,3 star,"7.9
Very good
3,936 reviews","English, Thai","3,936 reviews","Phi Phi Relax Beach Resort 10/2 Moo.8 ,Ao-Nang Sub District ,Mueang,Krabi, Phak Nam Bay, Ko Phi Phi, Thailand, 81210",,,,False,False,False,False,True,False,False,True,False,True,True,True,False,False,False,False,0,7.9,7.3,8.5,7.5,7.9
Zeavola Resort (SHA Extra Plus),680,5 star,"8.9
Excellent
1,354 reviews","English, French, German, Thai","1,354 reviews","11 Moo 8, Laemthong, Ao Nang, Muang, Laem Tong Beach, Ko Phi Phi, Thailand, 81000",,,,True,False,False,False,False,True,False,True,True,True,True,True,False,False,False,False,0,9.2,8.9,8.9,9.0,9.2
Phi Phi View Point Resort,82,3 star,"6.7
Good
593 reviews","English, Filipino, Thai",593 reviews,"107 Moo 7 Phi Phi Island, Ao Nang, Muang Krabi, Krabi, Ao Lo Dalam, Ko Phi Phi, Thailand, 81000",,,,False,False,True,False,True,True,False,True,False,False,False,True,False,False,False,False,0,6.5,6.2,7.2,6.6,7.3
Blu Monkey Phi Phi Island,99,2.5 star,"8.5
Excellent
296 reviews","English, Thai",296 reviews,"51/1 Moo7, Tonsai Town. , A.Muang, Ao Lo Dalam, Ko Phi Phi, Thailand, 81000",,,,False,False,False,False,True,False,False,True,False,False,True,True,False,False,False,False,4,8.6,7.9,8.4,8.8,8.9
Phi Phi Nice Beach Hotel Hip,125,3 star,"6.7
Good
646 reviews","English, Burmese, Chinese [Mandarin], Lao, Thai",646 reviews,"17 Moo 7, Ton Sai Bay, Ko Phi Phi, Thailand, 81210",,,,False,False,True,False,False,True,False,True,False,True,True,True,False,False,False,True,0,6.4,6.3,7.7,6.8,6.9
Phi Phi Phu Chalet Resort,350,4 star,"8.6
Excellent
523 reviews","English, Thai",523 reviews,"3/2 Moo.8, Phi Phi Island, T.Ao-Nang, Krabi, Thailand, Loh Ba Gao, Ko Phi Phi, Thailand, 81000",,,,True,False,True,False,False,False,False,True,True,True,True,True,False,False,False,False,0,9.2,8.5,8.0,8.9,8.4
Gypsy Sea View Resort,104,3 star,"7.1
Very good
716 reviews","English, Thai",716 reviews,"63 Moo.7 Aonang, Muang, Ton Sai Bay, Ko Phi Phi, Thailand, 81000",,,,False,False,True,False,False,True,False,True,False,False,False,True,False,False,False,False,0,7.3,6.7,7.2,7.8,7.4
U Rip Resort,90,3 star,"7.8
Very good
1,229 reviews","English, Thai","1,229 reviews","65 moo.7 T. Ao-nang, Muang, Krabi (Phi Phi Don), Ton Sai Bay, Ko Phi Phi, Thailand, 81000",2018,,,False,False,False,False,True,True,False,True,False,True,True,True,False,False,False,False,10,8.0,7.5,7.8,8.3,7.8
Chongkhao Resort,65,2 star,"7.4
Very good
1,005 reviews","English, Thai","1,005 reviews","Ton Sai Bay, Ko Phi Phi, Thailand",1,220,28,False,False,False,False,False,False,False,True,False,False,False,True,False,False,False,False,0,7.7,7.0,7.6,7.6,7.6
Phi Phi Arboreal Resort,76,3.5 star,"7.1
Very good
1,336 reviews","English, Thai","1,336 reviews","125/148 Moo 7, Ao-nang, Muang Krabi, Ao Lo Dalam, Ko Phi Phi, Thailand, 81000",27,,2010,False,False,True,False,True,True,False,True,False,True,True,True,False,False,False,False,0,7.2,6.6,7.0,7.2,7.6
Phi Phi Tonsai Place,127,2 star,"8.3
Excellent
458 reviews","English, Thai",458 reviews,"187 Moo 7 Koh Phi Phi Don Aonang Muang Krabi, Ao Lo Dalam, Ko Phi Phi, Thailand, 81000",,,,False,False,False,True,False,True,False,True,False,True,True,True,False,False,False,False,0,8.0,7.0,8.5,8.6,8.0
Phi Phi Andaman Resort,116,3 star,"7.7
Very good
59 reviews","English, Thai",59 reviews,"tonsai, Ton Sai Bay, Ko Phi Phi, Thailand, 81210",,,,False,False,False,False,False,False,False,True,True,False,False,True,False,False,True,False,0,7.3,7.2,8.0,8.2,7.6
Mama Beach Residence - Adults Only,247,3 star,"8.4
Excellent
2,511 reviews","English, French, Thai","2,511 reviews","92 Moo7 Aonang, Muang, Krabi, Ton Sai Bay, Ko Phi Phi, Thailand, 81000",,,,False,False,True,False,False,False,False,True,False,True,False,True,False,False,False,False,0,8.7,8.3,9.1,8.7,9.3
Phi Phi Top View Resort,136,3 star,"6.7
Good
112 reviews","English, Thai",112 reviews,"239 Moo 7, Phi Phi, Ton Sai Bay, Ton Sai Bay, Ko Phi Phi, Thailand, 81000",,,,False,False,True,False,False,False,False,True,False,False,False,True,False,False,False,False,0,7.1,6.5,6.6,6.6,6.9
Phi Phi Andaman Beach Resort (SHA Extra Plus),112,3 star,"7.3
Very good
1,673 reviews","English, Malay, Thai","1,673 reviews","65 Moo 7, Ton Sai Bay, Ko Phi Phi, Thailand, 81000",,,,False,False,True,False,True,True,False,True,True,True,True,True,False,False,False,False,6,7.1,7.0,7.9,6.7,7.4
Villa 360 Resort and Spa (SHA Certified),JMI,4 star,"8.0
Excellent
791 reviews","English, Malay, Thai",791 reviews,"58 Moo 8 Auoynang Muang, Loh Ba Gao, Ko Phi Phi, Thailand, 81210",1,220,33,False,False,True,False,True,True,False,True,True,True,True,True,False,False,False,False,0,8.8,7.6,8.1,8.1,8.8
Phi Phi Cozy Seafront Resort,48,1.5 star,"7.0
Very good
623 reviews","English, Burmese, Lao, Malay, Thai",623 reviews,"Ao Lo Dalam, Ko Phi Phi, Thailand",,,,False,False,True,False,False,False,False,True,True,True,True,True,False,False,False,False,0,6.6,6.3,7.4,5.6,7.2
Coco's Guesthouse,38,1.5 star,"6.9
Good
759 reviews","English, Filipino, Thai",759 reviews,"224 M .7 Koh Phi Phi,, Ao Lo Dalam, Ko Phi Phi, Thailand, 81000",2,29,0,False,False,False,False,True,False,False,True,False,True,True,False,False,False,False,False,0,6.3,5.8,7.0,5.5,7.3
Harmony House (SHA Extra Plus),38,2 star,"6.6
Good
861 reviews","English, Thai",861 reviews,"Moo 7 Koh Phi Phi Aonang Muang Krabi, Ao Lo Dalam, Ko Phi Phi, Thailand, 81000",1,220,30,False,False,False,False,False,False,False,True,False,False,False,False,False,False,False,False,0,6.3,5.7,7.4,5.7,7.0
P.P. Blue Sky Resort (SHA Extra Plus),229,3 star,"8.1
Excellent
670 reviews","English, Thai",670 reviews,"138/2 Moo 7 Aonang, Muang, Long Beach, Ko Phi Phi, Thailand, 81000",,,,False,False,True,False,False,False,False,True,False,False,False,True,False,False,False,False,0,8.0,7.4,9.0,6.2,8.2
PP Mountain Beach Resort and Waterpark,148,3 star,"6.8
Good
408 reviews","English, Thai",408 reviews,"191 Moo 7 Aonang, Muang, Krabi, Long Beach, Ko Phi Phi, Thailand, 81210",3,62,2,False,False,False,False,False,True,False,True,True,True,True,True,False,False,False,False,0,7.6,6.8,5.6,7.1,6.6
Tropical Garden Bungalow,58,2.5 star,"6.6
Good
1,267 reviews","English, Hebrew, Thai","1,267 reviews","Ao Lo Dalam, Ko Phi Phi, Thailand",,,,False,False,False,False,True,False,False,True,False,True,True,False,False,False,False,False,0,5.8,6.2,6.8,5.4,7.0
JJ Residence,140,3 star,"7.8
Very good
1,951 reviews","English, Thai","1,951 reviews","95 Moo 7, Ton Sai Bay, Ko Phi Phi, Thailand, 81000",,,,False,False,False,False,False,False,False,True,False,False,False,True,False,False,False,False,0,8.2,7.4,8.5,7.8,7.7
Marine House,72,2.5 star,"6.2
Good
425 reviews","English, Italian, Thai",425 reviews,"Moo 7, Ton Sai Bay, Ko Phi Phi, Thailand, 81000",,,,False,False,False,False,False,False,False,True,False,True,True,False,False,False,False,False,0,5.5,5.2,8.2,5.5,6.1
Ivory Phi Phi Island Hotel,108,2.5 star,"7.9
Very good
1,087 reviews","English, Thai","1,087 reviews","194/1 M.7 Tambol Ao-Nang, Amphur Maung, Ton Sai Bay, Ko Phi Phi, Thailand, 81000",,,,False,False,False,False,False,False,False,True,False,True,False,True,False,False,False,False,0,8.1,6.8,8.5,7.7,7.7
Chunut House Resort (SHA Plus+),146,3 star,"7.1
Very good
602 reviews","English, Thai",602 reviews,"Moo 7, Phi Phi Don Village, Ton Sai Bay, Ko Phi Phi, Thailand, 81000",,,,False,False,False,False,False,True,False,True,True,True,True,True,False,False,False,False,0,6.8,6.3,6.7,7.2,7.1
Uphill Cottage,91,2 star,"7.5
Very good
1,379 reviews","English, Thai","1,379 reviews","Moo 7 Aonang Krabi, Ao Lo Dalam, Ko Phi Phi, Thailand, 81000",220,,2013,False,False,True,False,False,True,False,True,False,False,True,True,False,False,False,False,0,6.8,6.4,6.9,6.0,6.8
Phi Phi Bayview Premier Resort,137,3 star,"7.7
Very good
505 reviews","English, Filipino, Thai",505 reviews,"69/1 Moo 7, Leam Hin Beach, Ton Sai Bay, Ko Phi Phi, Thailand, 81000",,,,False,False,True,False,True,True,False,True,True,True,True,True,False,False,False,False,0,7.7,7.1,8.2,7.1,7.8
Phi Phi Paradise Hostel,55,5 star,"7.1
Very good
233 reviews","English, Thai",233 reviews,"139/26 Moo.7 Phi Phi Island Aonang Muang Krabi, Ton Sai Bay, Ko Phi Phi, Thailand, 81210",,,,False,False,False,False,False,False,False,True,False,True,True,True,False,False,False,False,0,7.4,6.5,8.3,8.0,7.6
Phi Phi Sea Sky Resort,148,3 star,"6.4
Good
239 reviews","English, Thai",239 reviews,"74/1 Moo 7, T. Ao-Nang, Hin Poo Bay, Ko Phi Phi, Thailand, 81000",,,,False,False,True,False,False,True,False,True,False,False,False,True,False,False,False,False,0,6.9,5.9,5.5,6.7,7.2
Kitty Guesthouse,70,1.5 star,"7.8
Very good
640 reviews","English, Thai",640 reviews,"244/9 moo 7 aonang muang krabi, Ao Lo Dalam, Ko Phi Phi, Thailand, 81000",,,,False,False,False,False,False,True,False,True,False,False,False,True,False,False,False,False,0,8.0,7.5,7.3,7.4,9.2
RC Guest House,59,2 star,"6.9
Good
179 reviews","English, Thai",179 reviews,"182 m.7 t.aonang muang krabi, Ao Lo Dalam, Ko Phi Phi, Thailand, 81000",,,,False,False,False,False,True,False,False,True,False,True,True,False,False,False,False,False,0,6.5,7.0,8.0,4.8,7.2
Phi Phi Sea and Hill,53,4.5 star,"5.9
Review score
339 reviews","English, Thai",339 reviews,"Ao Lo Dalam, Ko Phi Phi, Thailand",,,,False,False,False,False,False,False,False,True,True,False,False,True,False,False,False,False,0,5.9,5.7,5.7,7.2,6.4
Phi Phi Blue Lagoon,63,0 star,"7.1
Very good
22 reviews","English, Thai",22 reviews,"Moo 7, Ao Lo Dalam, Ko Phi Phi, Thailand, 81210",,,,False,False,False,False,False,False,False,True,False,False,False,False,False,False,False,False,0,6.5,5.8,8.4,6.4,8.5
Dee Dee Sea Front,38,2.5 star,"9.3
Exceptional
110 reviews","English, Thai",110 reviews,"211 Moo 7 Koh Phi Phi Aonang Muang Krabi, Ao Lo Dalam, Ko Phi Phi, Thailand, 81210",,,,True,False,False,False,False,False,False,True,False,False,False,True,False,False,False,False,0,9.6,9.1,9.1,9.8,9.2
Phi Phi Ocean Club,49,0 star,"6.5
Good
132 reviews",English,132 reviews,"Moo.7 Aonang Muang, Loh Dalum, Koh Phi Phi, Ao Lo Dalam, Ko Phi Phi, Thailand, 81000",,,,False,False,False,False,False,False,False,False,False,True,False,False,False,False,False,False,0,6.0,5.7,8.4,6.0,7.8
PP Natural Hill,60,0 star,"7.3
Very good
227 reviews","English, Thai",227 reviews,"250 Moo 7 Aonang Muang Krabi District, Krabi. Thailand., Ao Lo Dalam, Ko Phi Phi, Thailand, 81210",,,,False,False,False,False,False,False,False,True,True,False,False,False,False,False,False,False,0,7.1,6.8,6.9,7.2,9.1
Phi Phi Ba Kao Bay Resort,101,3 star,"7.5
Very good
147 reviews","English, Thai",147 reviews,"Moo 8 (Koh Phi Phi) Aonang Muang Krabi, Loh Ba Gao, Ko Phi Phi, Thailand, 81000",,,,False,False,False,False,False,True,False,True,True,True,False,True,False,False,False,False,0,7.7,6.9,7.7,7.8,8.1
Phi Phi Rimlay Cottage,136,1.5 star,"7.6
Very good
455 reviews","English, Thai",455 reviews,"1 Moo 7 (Tonsai Bay) Aonang Muang Krabi, Ton Sai Bay, Ko Phi Phi, Thailand, 81000",,,,False,False,False,False,False,False,False,True,False,False,False,True,False,False,False,False,0,7.0,5.5,7.0,6.7,7.2
Lucky Guest House,41,2 star,"5.1
Review score
172 reviews","English, Hindi, Korean, Thai",172 reviews,"125/74 Moo 7, Ao Nang, Mueang, Krabi, Phi Phi Island 81000, Thailand , Ton Sai Bay, Ko Phi Phi, Thailand, 81000",,,,False,False,False,False,False,False,False,True,False,False,False,False,False,False,False,False,0,4.3,3.9,5.8,5.0,5.2
The Hip Resort at Phi Phi,82,3 star,"7.7
Very good
143 reviews","English, Thai",143 reviews,"63/1 Moo 8, Loh Ba Kao, Koh Phi Phi, Aonang Thailand, Loh Ba Gao, Ko Phi Phi, Thailand, 81000",,,,False,False,False,False,True,False,False,True,False,True,True,True,False,False,False,False,0,7.8,7.2,7.0,7.6,7.6
Tapear Resort,35,2 star,"6.4
Good
432 reviews","English, Thai",432 reviews,"143/1-5, Loh Dha Lum Bay, Ao Lo Dalam, Ko Phi Phi, Thailand, 81210",,,,False,False,False,True,False,True,False,True,False,False,False,True,False,False,False,False,0,6.6,5.4,6.0,5.9,6.9
Aladdin guesthouse,139,2 star,"7.7
Very good
234 reviews","English, Thai",234 reviews,"148/4 Village no.7 ,Aonang Subdistrict ,Meaung Krabi, Ton Sai Bay, Ko Phi Phi, Thailand, 81210",1,220,15,False,False,False,False,False,True,False,True,False,False,True,True,False,False,False,False,0,7.1,6.4,9.0,8.6,7.3
View Garden Resort,99,2 star,"6.8
Good
476 reviews","English, Thai",476 reviews,"60 Moo7 Aonang, Muang Krabi, Krabi, Ton Sai Bay, Ko Phi Phi, Thailand, 81000",,,,False,False,True,False,False,False,False,True,False,True,False,True,False,False,False,False,0,7.1,6.3,6.6,7.8,6.5
Phi Phi Viva Guesthouse,JMI,2 star,"6.2
Good
136 reviews","English, Thai",136 reviews,"257 M.7, Ao Lo Dalam, Ao Lo Dalam, Ko Phi Phi, Thailand, 81000",,,,False,False,False,False,False,True,False,True,False,True,False,True,False,False,False,False,0,4.8,4.0,5.3,5.4,4.5
Phi Phi Chang Grand Resort,111,3 star,"6.9
Good
1,080 reviews","English, Thai","1,080 reviews","197 Moo 7, Phi Phi Don Village, Ao Lo Dalam, Ko Phi Phi, Thailand, 81000",,,,False,False,False,False,False,True,False,True,True,False,False,True,False,False,False,False,0,6.7,6.0,6.4,7.2,6.7
PP. Valentine Bungalow,197,0 star,"7.1
Very good
61 reviews",Thai,61 reviews,"128 M.7 Aonang, Ao Lo Dalam, Ko Phi Phi, Thailand, 81210",,,,False,False,False,False,False,True,False,False,False,False,False,False,False,False,False,False,0,7.1,7.0,7.7,7.5,7.1
Awesome Bungalow with Amazing Sea View,194,4 star,"8.4
Excellent
3 reviews","TV, Wi-Fi",3 reviews,"Ao Lo Dalam, Ko Phi Phi, Thailand",,,,False,False,False,False,False,False,False,False,False,False,False,False,False,False,False,False,0,8.7,8.7,7.3,8.7,8.7
Golden Bee Phi Phi,89,2 star,"5.9
Review score
128 reviews","English, Thai",128 reviews,"GOLDENBEE PHI PHI , Ton Sai Bay, Ko Phi Phi, Thailand, 81210",,,,False,False,False,True,False,True,False,True,False,True,False,True,False,False,False,False,0,4.7,4.5,7.4,6.6,5.3
Blanco Central,53,0 star,"7.5
Very good
62 reviews",English,62 reviews,"18 Moo 7, T. Ao nang, A. Muang Koh Phi Phi, Krabi District, Ton Sai Bay, Ko Phi Phi, Thailand, 81000",,,,False,False,False,False,False,False,False,True,False,True,False,False,False,False,False,False,0,6.9,6.7,9.3,7.0,8.9
Marigold House Hotel,74,2 star,"7.5
Very good
207 reviews","English, Thai",207 reviews,"125/87 Moo 7, Ton Sai Bay, Ko Phi Phi, Thailand, 81000",,,,False,False,False,False,False,True,False,True,False,False,False,True,False,False,False,False,0,6.3,6.3,7.6,6.8,6.6
Phi Phi Sand Sea House,77,2 star,"6.4
Good
519 reviews","English, Thai",519 reviews,"Moo 7 (Koh Phi Phi ) Aonang, Krabi, Ao Lo Dalam, Ko Phi Phi, Thailand, 81000",,,,False,False,False,False,False,False,False,True,False,False,False,True,False,False,False,False,0,5.6,4.6,5.7,5.7,5.6
Phi Phi Inn,112,2 star,"7.1
Very good
609 reviews","English, Thai",609 reviews,"130 Moo 7, Ton Sai Bay, Ko Phi Phi, Thailand, 81000",,,,False,False,False,False,False,True,False,True,True,False,True,True,False,False,False,False,0,6.7,6.1,9.0,6.8,6.7
Phitarom Phi Phi Resort,110,3.5 star,"6.5
Good
451 reviews","English, Burmese, Thai",451 reviews,"viewpoint, Ao Lo Dalam, Ko Phi Phi, Thailand, 81000",,,,False,False,True,False,False,False,False,True,True,True,True,True,False,False,False,False,0,6.4,5.8,6.9,6.8,6.9
PP Insula Hotel,119,2 star,"8.1
Excellent
2,019 reviews","English, Thai","2,019 reviews","194 Mu 7, T. Ao-Nang, Ton Sai Bay, Ko Phi Phi, Thailand, 81210",,,,False,False,False,False,False,False,False,True,False,False,True,True,False,False,False,False,0,8.2,7.4,8.7,8.0,8.2
Sea View Bungalow,102,2 star,"7.3
Very good
657 reviews","English, Thai",657 reviews,"Ao Lo Dalam, Ko Phi Phi, Thailand",10,2022,2014,False,False,True,False,False,False,False,True,False,False,True,True,False,False,False,False,0,7.3,6.4,6.5,8.0,7.6
Phi Phi Long Beach Bungalow ( Had Yao),118,0 star,"7.6
Very good
51 reviews","English, Thai",51 reviews,"33 Moo 7, Long Beach, Long Beach, Ko Phi Phi, Thailand, 81000",,,,False,False,False,False,False,False,False,True,False,True,False,True,False,False,False,False,0,6.7,6.6,8.9,7.1,8.0
TARA INN,121,2 star,"7.5
Very good
11 reviews","Free Wi-Fi in all rooms!, Internet",11 reviews,"121 M.7 Ao Nang, Muang, Krabi, Phi Phi Island, Thailand., 121 M.7 Ao Nang, Muang, Krabi, Phi Phi Island, Thailand., Ao Lo Dalam, Ko Phi Phi, Thailand, 81210",,,,False,False,False,False,False,False,False,True,False,False,False,False,False,False,False,False,0,7.3,6.3,9.3,8.3,7.0
PP Midnight Hotel,105,0 star,"6.7
Good
188 reviews","English, Thai",188 reviews,"239 Moo 7, Aonang, Muang, Krabi, Ton Sai Bay, Ko Phi Phi, Thailand, 81210",,,,False,False,False,False,False,False,False,True,False,False,False,True,False,False,False,False,0,6.7,6.5,6.5,6.9,7.7
OYO 1103 Pirates House Hotel,64,2 star,"5.6
Review score
175 reviews","English, Thai",175 reviews,"125/110 Moo 7, Ao Nang Muang, Krabi, 81000, Thailand, Ton Sai Bay, Ko Phi Phi, Thailand, 81000",,,,False,False,False,False,False,False,False,True,False,False,False,False,False,False,False,False,0,4.8,4.7,7.1,5.7,5.4
,JMI,2.5 star,"7.9
Very good
1,087 reviews","English, Thai","1,087 reviews","194/1 M.7 Tambol Ao-Nang, Amphur Maung, Ton Sai Bay, Ko Phi Phi, Thailand, 81000",,,,False,False,False,False,False,False,False,True,False,True,False,True,False,False,False,False,0,8.1,6.8,8.5,7.7,7.7
JJ Bungalow,104,2 star,"7.5
Very good
654 reviews","English, Thai",654 reviews,"95 Moo 7, Ao Lo Dalam, Ko Phi Phi, Thailand, 81000",,,,False,False,False,False,False,False,False,True,True,False,False,True,False,False,False,False,0,7.7,7.1,7.4,7.1,7.6
Phi Phi Seaside Bungalow,100,2 star,"7.4
Very good
201 reviews","English, Thai",201 reviews,"Ao Lo Dalam, Ko Phi Phi, Thailand",,,,False,False,False,False,False,False,False,False,False,False,True,True,False,False,False,False,0,7.7,6.1,5.8,8.8,7.8
Golden Guesthouse,JMI,0 star,"6.1
Good
84 reviews","English, Thai",84 reviews,"250/1 Moo7, Ko Phi Phi, Aonang, Muang, Krabi , Ao Lo Dalam, Ko Phi Phi, Thailand, 81210",,,,False,False,False,False,False,False,False,True,False,False,False,False,False,False,False,False,0,5.9,5.7,6.8,6.1,6.6
P P Garden Home Bungalow,72,2 star,"8.5
Excellent
63 reviews","English, Thai",63 reviews,"Ko Phi Phi, Ao Nang , Krabi, Ao Lo Dalam, Ko Phi Phi, Thailand, 83100",,,,False,False,False,False,False,False,False,True,False,False,False,False,False,False,False,False,0,8.4,8.0,8.9,8.5,9.5
Sabai House,59,1.5 star,"6.9
Good
325 reviews","English, Burmese, Khmer, Lao, Thai",325 reviews,"125/59Lohdalum Bay Moo 7 (Koh Phi Phi) Aonang Muang Krabi, Ton Sai Bay, Ko Phi Phi, Thailand, 81000",,,,False,False,False,False,False,False,False,True,False,True,True,True,False,False,False,False,0,7.1,6.1,7.6,6.9,7.3
Natacha Hotel,73,1.5 star,"6.9
Good
98 reviews","English, Thai",98 reviews,"Moo 7 Aonang, Ton Sai Bay, Ko Phi Phi, Thailand, 81210",,,,False,False,False,False,False,True,False,True,False,True,False,True,False,False,False,False,0,6.8,6.0,8.9,6.1,6.7
Phi Phi Pagarang House,91,1 star,"7.4
Very good
62 reviews","English, Thai",62 reviews,"302 Moo 7 Krabi, Thailand, Ton Sai Bay, Ko Phi Phi, Thailand, 81210",,,,False,False,False,False,False,True,False,True,False,True,False,True,False,False,False,False,0,7.3,7.1,6.8,7.5,9.4
Phi Phi Coralbay Bungalow,85,5 star,"7.9
Very good
269 reviews","English, Thai",269 reviews,"Loh Ba Gao, Ko Phi Phi, Thailand",1,0,8,False,False,False,False,True,True,False,True,False,True,True,True,False,False,False,False,0,7.1,6.4,7.1,8.1,7.6
Blue View House Phi Phi,116,3 star,"8.2
Excellent
566 reviews","English, Thai",566 reviews,"264/2 Moo 7 Koh Phi Phi T. Aonang A.Muang Krabi, Krabi Thailand., Ton Sai Bay, Ko Phi Phi, Thailand, 81210",,,,False,False,False,False,False,False,False,True,False,False,False,False,False,False,False,False,0,8.6,7.7,7.8,9.7,8.8
Luxury Sea view room,195,5 star,,"Microwave, Refrigerator",Clear all,"Ton Sai Bay, Ko Phi Phi, Thailand",,,,False,False,False,False,False,False,False,False,False,False,False,False,False,False,False,False,0,False,False,False,False,False
Pak Klong Guest house Room for rent,82,2 star,"6.6
Good
81 reviews","English, Thai",81 reviews,"102 Moo 7 Aonang Muang Krabi, Ton Sai Bay, Ko Phi Phi, Thailand, 81000",,,,False,False,False,False,False,False,False,True,False,False,False,True,False,False,False,False,0,6.4,6.0,8.3,6.2,7.2
Modern Top Seaview Bungalow,193,4 star,"7.5
Very good
3 reviews","TV, Wi-Fi",3 reviews,"Ao Lo Dalam, Ko Phi Phi, Thailand",,,,False,False,False,False,False,False,False,False,False,False,False,False,False,False,False,False,0,8.0,7.0,6.0,8.0,7.0
Phi Phi Ba Kao Bay Resort,JMI,3 star,"5.4
Review score
4 reviews","Free Wi-Fi in all rooms!, Internet",4 reviews,"63 Moo 8 Aonang Muang Krabi, 21, Loh Ba Gao, Ko Phi Phi, Thailand, 81000",,,,False,False,False,False,False,True,False,True,True,False,False,True,False,False,False,False,0,3.3,4.7,4.7,4.7,4.7
Modern Top Sea View Bungalow 4,194,4 star,"5.2
Review score
2 reviews","Cable channels, TV, Wi-Fi",2 reviews,"Ao Lo Dalam, Ko Phi Phi, Thailand",,,,False,False,False,False,False,False,False,False,False,False,False,False,False,False,False,False,0,7.0,4.0,6.0,5.0,4.0
Modern Top Sea View Bungalow 3,191,3 star,"2.8
Review score
1 review","TV, Wi-Fi",1 review,"Ao Lo Dalam, Ko Phi Phi, Thailand",,,,False,False,False,False,False,False,False,False,False,False,False,False,False,False,False,False,0,4.0,2.0,2.0,4.0,2.0
Phi Phi Little Star Resort,90,2 star,"8.1
Excellent
22 reviews","English, Thai",22 reviews,"63 Moo 8 (Loh Ba Gao Bay) Ko Phi Phi Krabi THA, Loh Ba Gao, Ko Phi Phi, Thailand, 81000",,,,False,False,False,False,True,True,False,True,True,False,False,True,False,False,False,False,0,8.7,7.8,7.4,6.0,8.6
Sea Shell Hut,60,0 star,"8.4
Excellent
167 reviews",Thai,167 reviews,"74 Moo 7. PhiPhi Island Aonang Muang Krabi, Ton Sai Bay, Ko Phi Phi, Thailand, 81210",,,,False,False,False,False,False,True,False,False,False,False,False,False,False,False,False,False,0,8.1,7.6,9.4,8.0,8.9
Awesome Bungalow with Amazing Sea View,194,4 star,"6.0
Good
1 review","TV, Wi-Fi",1 review,"Ao Lo Dalam, Ko Phi Phi, Thailand",,,,False,False,False,False,False,False,False,False,False,False,False,False,False,False,False,False,0,6.0,4.0,6.0,8.0,6.0
PP Red Tuna Hut,96,3 star,"7.8
Very good
298 reviews","English, Thai",298 reviews,"Loh Ba Gao, Ko Phi Phi, Thailand",,,,False,False,False,False,True,False,False,True,False,True,False,True,False,False,False,False,0,7.3,7.1,7.8,6.7,8.4
Modern Top Sea View bungalow 2,194,4 star,"6.2
Good
2 reviews",Wi-Fi,2 reviews,"Ao Lo Dalam, Ko Phi Phi, Thailand",,,,False,False,False,False,False,False,False,False,False,False,False,False,False,False,False,False,0,6.0,6.0,5.0,7.0,7.0
Comfortable and clean room w/ pool Great location,239,5 star,"3.6
Review score
1 review",Balcony or terrace,1 review,"Ton Sai Bay, Ko Phi Phi, Thailand",,,,False,False,False,False,False,False,False,False,False,False,False,False,False,False,False,False,0,4.0,6.0,4.0,2.0,2.0
Luxurious Contemporary Room - Sea View,328,4 star,,"TV, Wi-Fi",Clear all,"Ao Lo Dalam, Ko Phi Phi, Thailand",,,,False,False,False,False,False,False,False,False,False,False,False,False,False,False,False,False,0,False,False,False,False,False
Phi Phi Sunset Bay Resort,JMI,2 star,"8.1
Excellent
781 reviews","English, Thai",781 reviews,"130 Moo 7 Sunset bay ,Koh Phi Phi, Hin Poo Bay, Ko Phi Phi, Thailand, 81000",,,,False,False,True,False,False,True,False,True,False,True,True,True,False,False,False,False,0,7.7,7.5,7.7,7.4,8.2
Lovely View Deluxe Villa,133,5 star,,Refrigerator,Clear all,"Ao Lo Dalam, Ko Phi Phi, Thailand",,,,False,False,False,False,False,False,False,False,False,False,False,False,False,False,False,False,0,False,False,False,False,False
Comfy Luxury room,182,5 star,,"Microwave, Refrigerator",Clear all,"Ton Sai Bay, Ko Phi Phi, Thailand",,,,False,False,False,False,False,False,False,False,False,False,False,False,False,False,False,False,0,False,False,False,False,False
Romantic Sea View Tree house - Makmai 5,251,4 star,"4.3
Review score
3 reviews",Wi-Fi,3 reviews,"Ao Lo Dalam, Ko Phi Phi, Thailand",,,,False,False,False,False,False,False,False,False,False,False,False,False,False,False,False,False,0,5.0,3.0,3.0,6.0,3.0
JJ Bungalow & Guest house,115,2 star,"8.0
Excellent
2 reviews","Internet, Wi-Fi in public areas",2 reviews,"236 Moo 7, Ao Lo Dalam, Ko Phi Phi, Thailand, 81000",,,,True,False,False,False,False,False,False,False,False,False,False,False,False,False,False,False,0,9.0,7.0,8.0,9.0,7.0
PhiPhi Film House,80,0 star,"7.3
Very good
34 reviews","English, Thai",34 reviews,"PhiPhi Film House, Ao Lo Dalam, Ko Phi Phi, Thailand, 81210",,,,False,False,False,False,False,False,False,False,False,False,False,False,False,False,False,False,0,7.3,6.3,8.8,7.1,9.1
sea view bungalow with kitchen and balcony,119,5 star,,Refrigerator,Clear all,"Ao Lo Dalam, Ko Phi Phi, Thailand",,,,False,False,False,False,False,False,False,False,False,False,True,False,False,False,False,False,0,False,False,False,False,False
Beautiful View Superior Double,125,5 star,,Balcony or terrace,Clear all,"Ao Lo Dalam, Ko Phi Phi, Thailand",,,,False,False,False,False,False,False,False,False,False,False,False,False,False,False,False,False,0,False,False,False,False,False
Maney Resort Phi Phi,79,2 star,"2.4
Review score
1 review","Internet, Wi-Fi in public areas",1 review,"193 Moo 7, Ao- Nang, Ao Lo Dalam, Ko Phi Phi, Thailand, 81000",,,,False,False,False,False,False,False,False,False,False,False,False,False,False,False,False,False,0,2.0,2.0,2.0,4.0,2.0
Incredible Deluxe Bungalow - Full Sea View,446,4.5 star,"6.9
Good
5 reviews",Wi-Fi,5 reviews,"Ton Sai Bay, Ko Phi Phi, Thailand",,,,False,False,False,False,False,False,False,False,False,False,False,False,False,False,False,False,0,7.5,7.5,6.5,8.0,7.5
Slinky Hostel @ The Beach,22,1.5 star,"6.6
Good
114 reviews","English, Thai",114 reviews,"Lohdalum Bay (Koh Phi Phi) M.7 T. Aonang, Ao Lo Dalam, Ko Phi Phi, Thailand, 81000",,,,False,False,False,False,False,True,False,True,False,True,False,False,False,False,False,False,0,6.3,5.7,8.2,6.3,6.6
3 bedrooms Treehouse - Air con - Overlook the Sea,899,4 star,,Wi-Fi,Clear all,"Ao Lo Dalam, Ko Phi Phi, Thailand",,,,False,False,False,False,False,False,False,False,False,False,False,False,False,False,False,False,0,False,False,False,False,False
Natacha hotel,73,2 star,"3.5
Review score
2 reviews","Free Wi-Fi in all rooms!, Internet",2 reviews,"54 ม.7 ต.อ่าวนาง, Ton Sai Bay, Ko Phi Phi, Thailand, 81210",,,,False,False,False,False,False,False,False,True,False,False,False,True,False,False,False,False,0,2.0,2.0,2.0,2.0,2.0
"Fantastic beachfront view, 54sqm",294,5 star,,"Microwave, Refrigerator",Clear all,"Ton Sai Bay, Ko Phi Phi, Thailand",,,,False,False,False,False,False,False,False,False,False,False,False,False,False,False,False,False,0,False,False,False,False,False
Amazing Top Sea View Bungalow - Sea View,179,4 star,,Linens,,"Ao Lo Dalam, Ko Phi Phi, Thailand",,,,False,False,False,False,False,False,False,False,False,False,False,False,False,False,False,False,0,False,False,False,False,False
"Family for 4 villa, amazing view",222,5 star,,Refrigerator,Clear all,"Ao Lo Dalam, Ko Phi Phi, Thailand",,,,False,False,False,False,False,False,False,False,False,False,False,False,False,False,False,False,0,False,False,False,False,False
Beautiful pool access & seaview,294,5 star,,"Microwave, Refrigerator",Clear all,"Ton Sai Bay, Ko Phi Phi, Thailand",,,,False,False,False,False,False,False,False,False,False,False,False,False,False,False,False,False,0,False,False,False,False,False
Beautiful Sea View Hut with Air-con,161,4 star,"8.3
Excellent
7 third party reviews",Wi-Fi,7 third party reviews,"Ton Sai Bay, Ko Phi Phi, Thailand",,,,False,False,False,False,False,False,False,False,False,False,False,False,False,False,False,False,0,False,False,False,False,False
Peaceful hut Overlook the Sea,119,3 star,"4.8
Review score
1 review",Cable channels,1 review,"Ton Sai Bay, Ko Phi Phi, Thailand",,,,False,False,False,False,False,False,False,False,False,False,False,False,False,False,False,False,0,8.0,2.0,8.0,2.0,4.0
Traditional quiet hut Sea view on Phi Phi,119,4 star,,Wi-Fi,,"Ton Sai Bay, Ko Phi Phi, Thailand",,,,False,False,False,False,False,False,False,False,False,False,False,False,False,False,False,False,0,False,False,False,False,False
Fantastic traditional room Makmai 4A with aircon,899,4 star,,Wi-Fi,Clear all,"Ao Lo Dalam, Ko Phi Phi, Thailand",,,,False,False,False,False,False,False,False,False,False,False,False,False,False,False,False,False,0,False,False,False,False,False
Natural Seaview room Makmai 4B,893,4 star,,"Cable channels, TV",,"Ao Lo Dalam, Ko Phi Phi, Thailand",,,,False,False,False,False,False,False,False,False,False,False,False,False,False,False,False,False,0,False,False,False,False,False
,JMI,,,,,,,,,False,False,False,False,False,False,False,False,False,False,False,False,False,False,False,False,0,False,False,False,False,False
Beautiful Hut with Air-con,161,4 star,,"TV, Wi-Fi",,"Ton Sai Bay, Ko Phi Phi, Thailand",,,,False,False,False,False,False,False,False,False,False,False,False,False,False,False,False,False,0,False,False,False,False,False
Beautiful Sea View Hut - Air Conditioning,161,4 star,"7.6
Very good
1 review",Wi-Fi,1 review,"Long Beach, Ko Phi Phi, Thailand",,,,False,False,False,False,False,False,False,False,False,False,False,False,False,False,False,False,0,8.0,8.0,8.0,8.0,6.0
Peaceful hut overlook the sea 3,119,4 star,,"TV, Wi-Fi",,"Ton Sai Bay, Ko Phi Phi, Thailand",,,,False,False,False,False,False,False,False,False,False,False,False,False,False,False,False,False,0,False,False,False,False,False
